id,fixedIndex,trait,question,p1,p2,p3,p4,responseLabel1,responseValue1,responseScore1,responseTrait1,responseLabel2,responseValue2,responseScore2,responseTrait2,responseLabel3,responseValue3,responseScore3,responseTrait3,responseLabel4,responseValue4,responseScore4,responseTrait4,responseLabel5,responseValue5,responseScore5,responseTrait5,type,skippable,instructions
1,,,"Which one is most like you?",,,,,"I am the life of the party.",1,1,E,"I sympathise with others' feelings.",2,1,A,"I get chores done straight away",3,1,C,"I am relaxed most of the time.",4,1,N,"I have a vivid imagination.",5,1,O,options,,
2,,,"Which one is most like you?",,,,,"I talk to a lot of different people at parties.",1,1,E,"I feel others' emotions.",2,1,A,"I like order.",3,1,C,"I seldom feel blue.",4,1,N,"I am interested in abstract ideas.",5,1,O,options,,
3,,,"Which one is least like you?",,,,,"I don't talk a lot.",1,1,E,"I am not really interested in others.",2,1,A,"I often forget to put things back in their proper place.",3,1,C,"I have frequent mood swings.",4,1,N,"I do not have a good imagination.",5,1,O,options,,
4,,,"Which one is least like you?",,,,,"I keep in the background.",1,1,E,"I am not interested in other people's problems.",2,1,A,"I make a mess of things.",3,1,C,"I get upset easily.",4,1,N,"I have difficulty understanding abstract ideas.",5,1,O,options,,
